Brand Name,Reasons
1 Body,
1-2-3 TAKING A BATH,
100% PURE,
1Easylife,
220 Volt Electronics,
2xhome,
3 sprouts,
360 Cookware,
3D lite,
3D-one,
3Dflip,
3Dmini,
3Dtote,
3Dtwo,
3Dzyre,
3M,
3MPicassoTiles,
3PM,
3Skulls Paintball,
47 Brand,
A Mug To Keep,
A Mug To Keep TM,
A World of Deals,
Ab Coaster Max,
Ab Roller Evolution,
Abba Patio,
Abercrombie & Fitch,
Accents,
AccessoryXpert,
Accuform,
Accusharp,
Acebayou,
Acer,
"Action Mining Services, Inc.",Counterfeit complaint
ActionHeat,
ActiveFlow,
Acu-Hoop,Infringement type: Trademark 
Adecco,
Aden & Anais,
Adidas,
Adidas Originals,
ADIR,IP complaint
Admired by Nature,
Adobe,
ADT,Received Intellectual Property Complaints
Aerobie,
Aerocore,
After Inked,
Ahava,
Aibecy,
Aidance Skincare,
Air Comfort,Received Intellectual Property Complaints
Air Dragon,
Air Force One Air Conditioning,
AirCare,
Aircraft Technical Publishers,
Airplus,
Alaska Airlines,
albanese,
Alcochill,IP Claim
Aleko,
"Aleratek, Inc",
Alex & Ani,
Alex Perez,
Alex Toys,
Alfresco Heating,
All Star,
All-Clad,
ALL-IN-ONE,
Allegion,
Allibert,
Allibert Home,
Allibert Outdoor,
Allieroo ,
ALM Productions,
Alonea,
Alpine,
Altra Furniture,
Alvantor,
Amazonia,
Amco,
Amerex ,Copyright Infringement
American Eagle Outfitters,
American Girl,
American Tourister,
"American Weigh Scales, Inc",
American Welding Society,
Americas Drive-In Corp. / Sonic Corp. & Subsidiaries,
Amerock,
Amiclubwear.com,
Amope,
Amway Corporation,
Amybug's Attic,
AnalogMan Guitar Effects,
Anastasia Beverly Hills,
Ancheer,
Angela LaFramboise,
Angie’s BOOMCHICKAPOP, Cease and Desist letter
Anki,
Ann Williams Group,
Annenberg Media,
Anolon,
Anolon Kitchen,
"Ansonia Records, Inc.",
ANSR,
Antic Farmacista,
Aosom,
Apara,
Apec,
Apex Tool Group,
Apple,
Aqua Dog,
Aqua EZ,
Aqua Joe,
Aqua Monterey,
Aqua spa,
AquaChek,
Aquafina,
Aquaspa,copyright claim
Aquatopia,
Aqueon Aquarium,
AR+Cook,
AR15.com,
Arbonne,
Architectural Mailboxes,IP Complaint
Arctic Chill,
"ARIIX, LLC",
Arksen,
Arm & Hammer,
Armani,
Armor All,
ARRES,
Art Naturals,
Art of Shaving,
"Artbeats Software, Inc.",
As Seen on TV (Any Brand),
Ashleigh Talbot,
Asics,
AsKoruBeads,
Astro,
ASUS,
Atkins ,Cease and desist letter
Atlantic Lifestyle,
Atlantic Research and Marketing (A.R.M.S.),
Atlantis Hydroponics,
Atomic,
Attwood,
Atvimports,
audio technica,
Aufenblick,
Augenblick,
August,
"Auntie Anne's, Inc.",
Austin City Limits/KLRU,
"Australian Gold, Inc.",
Australian Made Campaign Limited,
Authentic Brands Group LLC,
Authentic Talatech,
"Autism Speaks, Inc.",
"Auto Meter Products, Inc. (Autometer)",
Autoline Industries,
"Automotive Technologies, Inc.",
AVALON HOME,IP Complaint
Avalon Organics,
AVALON PATIO,IP Complaint
Avant Grub,
Avanti,
"Avedis Zildjian, Co.",
Aveeno,
Avenger,
Avery,
AVON,
axis international,
Axor,
Ayudín,
Azar Displays,
B-Air,
B. C. Broncos,
"B.H.P., Inc. dba Nialaya Jewelry",
B&G Beautiful Gardener,
B2Fitenss,
Babe Lash,
Baby Bullet,
Baby Feeding,
Baby Jogger,
Baby Moments,
BABY PIXEL,
BABY SHADE,
Baby Touch,
Babybjorn,
BaByliss,
BaBylissPRO,
Bacati,
Backjoy,
Bad Boy Brands,
Bad Monkey Productions,
Badger Basket,
Baire Bottles,
BalanceFrom,
Balega,
Bali,
BALKENE HOME,IP Complaint
Ballarini,
Bally Pinball Fun,
Balm Cosmetics,
Bandai,
Barbie,
Bare Essentials Cosmetics,
BARE REPUBLIC,
Bargain Max Decals,
Bargain Paradise Corp,
Barnett Research and Computer Imaging,
Baseboard Buddy,
Basic Concepts INC,Infringement type: Trademark
Baum Tools Kitchen,
Baume & Mercier,
Baxter,
Bayer,
BCI,Infringement type: Trademark 
Beaba,
Beach Body,
Bean Products,
Beard Head,conterfeit complaint
Beats,
Beats by Dre,
BEAU JARDIN,
Beaudens,
Beautify,
Beautyrest,
Bebe au Lait Baby Products (excluding Baby Apparel),
Bedding by Treasure2 (treasure2),
BedGear,
Belkin,
Bell Helicopter Textron Inc.,
Bella,
Belleze,
Bellezza,
Belovedkai,
Ben 10,
Ben Nye Cosmetics,
Benchmade,
"Benchmade Knife Company, Inc.",
BenCoo,
Benefiber,
BenGoo,
Bentwood Bassinet,
Berghoff,
Bernnour Home,
Bessemer, IP complaint
Best Choice Products,
BEST GATE,
BEST VIEW,
Bestomz,
Bestway,
Better Homes,
Better Housewares,
Better Than Bouillon,
Beurer,
BEZGAR,Trademark Infringement
BIBBITY,
BICMTE,Trademark
Big Joe,
Big Mouth,
Bigelow,
Bigelow Premium Decaffeinated Black Tea,
Bill Lawrence Products,
Bill Owen-Cowboy Artist,
"Billie W. Taylor II, Ph.D.",
Billy Jealousy,
Binitiva,
BINO Products LLC,
Bintopia,
Bio Bidet,
Bio-pedic,
Bio-Therapeutic,
Bioderma,
BioGanix,
Biolage,
Biore,
Birkenstock,
Birlea (UK),
Bissell,
Black & Decker,
Black Diamond,
Black Mountain,
Black Off,
Blackpoint Engineering LLC,
Blender Bottle,
Blinc,
Bliss,
Blithe,complaints 
Blitzburgh Sports,
"Blockware LLC, d.b.a. Great Useful Stuff",
Bloomberg L.P.,
Blooming Baby,
Blooming Bath,
Blue Diamond Almonds,
Blue Ridge,
Blue Ridge Novelty,
Blue Wave,Counterfeit
Boba,
Boca,
Bodum,
Body Back,
Body Glove,
Body Shop,
Bogzon,
Bolderton,
Bonavita,
Boneco,
BonJour,
Bonnie's Plants,
BonNoces,
bonsaii ,Trademark Infringement
Boppin Baby,
Boppy,
Bora Portamate,Counterfeit 
Borghese,
Bormioli,
Bormioli Rocco,
Born Free,
Bosch,
Bose,
Bottle Your Love,
Bra Baby,
Brady,
Braggs,
Brait,
Bramli,
Branford,
Brass Bullet,
Braun,
Bravo Sports,
Bravo View,
BreathableBaby Baby,
breeze,
Brenda Franklin,
Brentwood,
Breville,
Brian Smith,
Brieftons,
Bright Starts,
"Brightz, Ltd",
Brio,
Brita,
Britax,
British Phonographic Industry Limited,
Broadway Basketeers,
Brondell,
Bronze Gallery,
Brooks,
Brookstone,
Brother,
Brownie Brittle,
"Browning Laboratories, Inc.",
BRPS,
Bruce Lee Enterprises,
BRUNTMOR,
Brussel's Bonsai, Cease & Desist letter
Brylane Home,
BTEXPERT,
BTG,
"Bua, Inc.",
Bubba,
Buddha Teas,
Buddy & Friends,
Bug Me Video Inc.,
Build-A-Bear,
Bulbhead,
Bulova,
Bumbleride Inc.,
Bumbo,
bumGenius,
Bump,
Burberry,
Burt's Bees,
Bush Industries,
Bushnell Performance Optics and Tasco Sales Pty Ltd.,
Butter London,
Butterfly ,
Butterie,ip complaint
Buxom Buxom,
Bwthynbach,
Byer of Maine Sports,
BZB,
C-color,
C.CTN,
Cable Matters,
CAKE BOSS,
CALIFORNIA STRAWS,
Callaway,
Calphalon,
"Calutech, Inc.",
Calvin Klein,
Cambay Linens,
CamelBak,copyright issue
CameraQuest,
Camp Chef,
Canadian Standards Association,
Candle Warmers Eyc,
Cane & Austin,
Canon,
Canon Cameras,
"Canyon Chenille, Inc.",
Canyon Dancer Motorcycle Products,
CAP,
CAP barbells,
"Capital Brands - Magic Bullet, Ninja Bullet, Baby Bullet, etc.",
Car-Freshner Corporation,
"Care Creations, Inc.",
Cargo,
Carhartt,
Carmen's Vintage Collections,
Carmix-GPS,
Carnation Breakfast Essentials,
"Carrs Coins and Rocks, Inc.",
Cartener,trademark Infringement
Carter’s,
Cartier,
Casablanca Fan,
Casio,
CastleCreek,
Catan,
Caudalie,
CBD Daily,
"CBS Entertainment and Desilu, too, LLC (Unforgettable Licensing)",
CC Boardds,
cease and desist Hansgrohe,
Cel-Fi,
Celestron,
Cen-Tec,Trademark infringement 
Cen-Tec Systems,
"CeraNet, Inc.",
Chalk & Vermilion Fine Arts,
Champion (Not Champion Power Equipment),
Champion Power Equipment,
Chanel,
CHANGEAWAY,
Channie's Brand,
Chantal,
Chapin,
Char-Broil,
Char-griller,
Charles Cook,
Charles Products,
Chaz Dean Studio,Infringement type: Trademark 
Checkers,copyright complaint
Cheez-It,
Chef Land,
Chef's Cuisine,
Chefman,
ChefWave,
Chemex,
CHEMEX,
CHI,
CHI Steam,
Chicco,
Chico,
"Chief Architect, Inc.",
Child of Mine,
Chill-O,
Chloe,
CHOCOLATE FOUNTAINS,
ChromeWheels,
Circulon,
Citizen,
City Scene,
Clairsonic,
Claritin,
Clarks Shoes,
Clarkston,
Classic Accessories,
Classic Video L.L.C.,
Clayful Creations,
Cleanze Antibacterial Liquid Hand Soap,
Clear Dash HD,
Clear TV,
Clearmax,
Clevr,
Click N' Play,
Climb Cart,
Cloanto Italia srl,
CLOCHE COUTURE TRADEMARK,
Clorox,
Cloud 9,
Cloud B,
Cloudpets,
Cmaxer,
Co-Sleeper,
Co-Z,
Coach,
"ColArt Americas, Inc.",
Coldwater Creek Inc.,
Coleman,
Colnago®,
Color Doctor,
Color WOW,
Colorama,
Colorbasket,
Colorphlex,
Columbia,
Combat Brand,
Combat Brands,
Combat Sports,
COMFIFY,Counterfeit
Comforday,
Comfort Height,
Comfort Products,
Comfort Research,
Comfort Zone,
COMFORTME,
Comie,
Community Coffee & Chicory,
Competition Clutch,
Completely Bare,
Comtrex,
Comwinn,
Conagra Inc,
Confidence,
Consul,
Contender Fight Sports,
Continental Airlines,
Continental Enterprises,
Contour Brands,
Contours Baby,
Convenience Concepts,
Converse,
COOCHEER,
coogi,
Cool Kidz,
Cool Mobility - Johanson Nominees Pty.,
Cool Sand,
Coola,
Copper Chef,Unauthentic Claim
Copper Chef Grill,IP Counterfeit complaint
Copper Chef XL,
Copper Crisper,
Copper Fit,
Copper Moon Coffee,
Copper Wear,
Coquetry Clubwear,
Corelle,
Coretex,
CorLiving,
Corningware,
Cornucopia,Trademark Infringement
Corona ,
Corsair,
Cosanti Originals by Paolo Soleri,
Costway,
Cotton Craft,
Couch Coat,
counterfiet,
Country Collectibles,
"Coway Co., Ltd",
Crabtree & Evelyn,
Cradler,
Craft Crush,
Craftsman,
Crane USA,
Crank Chop,
Crayola,
Creative Carvings by Monte,
Creative Home Ideas,
Creative Outdoor Distributor / COD USA ,
Creative Scents,
Creativity for Kids,
Creeks End Crochet,
Crest,
Crew Furniture,
Criswell Embroidery & Design,
Crock-pot,
Crocs,
Crow Canyon Home,
Crucial Vacuum,
Crystal Geyser,policy warning from Amazon
CS,
"Cucusoft, Inc.",
Cuffdadyy,
Cuisinart,
Cult Cosmetics,
Cupture,
Curls,
Curver,
Cushy Form ,
Cushy Straps,
Custpromo,
Cutco Cutlery Corporation,
cutecolors.com,
Cyber Distributors,
Cynthia Dakin,
Cypress Collectibles,
Daddy Knows Best,
Dadgear,
Daewoo,
Daily Wellness,
Dandy Blend,
Danes-R-Us Great Dane & Pet Art,
Daniel Bingham Design Studio,
danworkshop.com,
Danya B,
"Dark Horse Comics, Inc.",
"DarkHorse Ranch, Inc.",
"Dash America dba Pearl Izumi, Inc.",
Dassault Systemes S.A.,
Data Professionals,
Dave Fant Company Of Arkansas Inc,
Dave's Discount Motors,
Davey,
David Barton,
Davidson Photography,
DAY & NIGHT,
DB Sonic,
DDF,
De-Bird,
Dead Sea,
Deborah Lippman,
DecoBros or Deco Brothers,
Decor Therapy,
DEKOR Baby,
Del Hutson Designs ,
Dell,
Della,
Delphi Technologies,
"Delta Air Lines, Inc.",
Delta Children,
Deluxe Comfort,
Demeyere,
Dentyne,
Deny Designs,
Depend Health and Personal Care,
Dermalogica,
Dermorganic,
Designer Habitat,
Dewalt,
Dial Vision,
Dick Harrell,
Dickies,
Diesel,
"Digium, Inc.",
Dimplex (U.K.),
Dinty Moore,
"Dionne Quintuplets, The",
Dirt Devil,infringement complaint for inauthentic product
Disc-O-Bed,
Discovery,
Discovery #Mindblown,
Discovery Kids,
Disney,
Divine LEDs,
DJI,
DKNY,
DMS International,
Dockers,
Doctor's Associates Inc. dba Subway,
Doggie Bow Ties,
Dolby Laboratories Inc. (“Dolby”),
Dolce & Gabbana,
Domata,
Domu Brands,
Don Pablo coffee,
"DONMAR Enterprises, Inc. - SKYROOF®",
Doterra,
Dove,
Dove Chocolate,
Doze,
Dozen Egg,
DPCD,
dpHUE,
Dr Denese,
Dr Tobia,
DR-HO'S,
Dr. Brandt,
Dr. Brown's BPA Free Deluxe Gift Set,
Dr. Denese,
Dr. Denese (Also known as SkinScience),
Dr. Dennis Gross Skin Care,
Dr. Tobia,
Drano,
Dream Furniture,
DreamBone,
Dreamspa,
dremel,
DressThatMan.com,
DriftAway,
"Drive-In Exchange, Ltd",
Driver,
DropCrate LLC,
DryGuy,
DTX International,
DUALIT,
Duchess,
Duchess (by Lambs and Ivy),
Duck,
Duke of Pearl LLC,
Dunkin Donuts,
"Dunlop Manufacturing, Inc.",
DUOMAT,
DYMO,
Dynacraft,
Dynamic Resource Group,
DynaTrap,
Dyson,
E.I. du Pont de Nemours and Company,Infringement type: Trademark 
Eagle,
Eagle Creek Enterprises - Tim Cox Fine Art,
Eames Office - Lucia Eames,
Earth Body,
Earth Mama Angel Baby,
Earth Pan,
Earth Rated,
Earth's Best,
Earthlite,
EASTON SPORTS INC,
EasyGo Nativity,
"ECLIPSE RECORDS, INC",
Eco Breeze,
Eco Defense,
EcoPure,
"Ecosphere Associates, Inc.",
Eddie Bauer,
EdenPURE,
"Edgar Rice Burroughs, Inc.",Trademark Infringement
Edge of Belgravia,
Edison Nation,
EFI Live Limited Co.,
EGO,
Egoz,
Egyptian Magic,
Electro-Harmonix Effects,
Electrolux,
Elegant Comfort,
Elf on the Shelf,
Elizabeth Arden,
Ellia,
Ellie’s Best,
Elmer’s,
Ember Candles,
Emerald Cove,
Emeril,
Emi-Jay,
Eminence,
Emopeak,
Emson,
Endangered Species,
Energizer,
Enfamil,
Engel,
enMotion,
Entertainment One,
Envion ,
Environ Skin Care Pty Ltd,
Ephoto,
Epic Coolers,
Epic Deluxe,
Epicurian Discovery,
Epilady,
Epson,
Eqyss,
Era,
ERGObaby,
Erica Skadsen/Organic,
Erlene / Erlene Home Fashions,
Erligpowht,
Escada,
eSecure,
ESPRESSIONE,
Essie,
"Estate of Marilyn Monroe, LLC",
Estilo,
Estroven,
Etekcity,
Etienne Aigner AG,
etrailer.com,
Eufora,
Euro Cuisine,
Euro-Pro Shark,
Eurotech Photographics,
Evelots,
Evenflo,
Evolutionize,
Excedrin,
Excel,
Excel International,
Excel Mist,
Excel White,
Excelvan,
Exceptional Home Zoo,
Exel Products,
Experience,
EXPO,
Extract-All,
Eyeko,
EZ CHANGE,
EZ Drinker,
EZ Shelf - the best closet organizer - tube technology,
ezShade,
FabJob.com,
Fabriika,
Facelift Ent. Inc,
Fagor America,
Fair & White/Fair and White,
Fancyus,
Fantasy Fields,
FAO Schwarz,
Farberware,
"Farmland Foods, Inc.",
Farmlyn Creek,
Fashion Polish,
Fatboy,
Faultless / Bon Ami Company Corporation,
FCA US LLC,
FCTRY,
Federal Express Corporation (FedEx),
Federation Against Copyright Theft (FACT) Ltd,
Felina,
Fellowes ,
Femmesil,Counterfeit
Fencer Wire,
Fender Musical Instruments Corporation,
Ferragamo,
Ferret Company,
Festnight,
FEVER ALERT,
FGM Ventures LLC dba Petpost,
FH Group,
FHI,
Fiesta Kitchenware ,
"FileMaker, Inc.",
Fill-Rite,
Fingerlings,
Finish,
Finishing Touch,
Finnhomy,
Fire Cam,
Fire House Neon LLC,
Fire Sense,
Firepit Essentials,
First Alert,
First Alert Tools and Home Improvement,
First Voice,
FirstKitchen,IP claim
Fisher Price,
Fitbit,
FitDeck,
Fitness Brands Inc./Direct Entertainment Media Group,
FITUEYES,
Five Oceans,
Flawless,
"Fleurville Florida Council of Bromeliad Societies, Inc.",
Flex Seal (As Seen on TV),
Flex Steel Hose,
Flexable Hose,
Flexapedic by Sleep Philosophy,
Flexibrace,
FlexiSnake,
Flexzilla,
Flip Zee Girls,
Flipazoo,
Flipbelt,
Floortex,
Flow Zone,
Flower Beauty,
FOLD'N STORE,
Fonus,
Footprints Publishings Inc.,
Ford Motor Company,
Forearm Forklift,
Formosa,
Formufit,
"Foscam Intelligent Technology co., Ltd.",
Fossil,
Fox (Twentieth Century Fox Film Corporation),
Franklin Electronic,
Fred & Friends,
Fresh Baby,
Fresh Wave,
Freshware,
Frette,
Fridababy,
Frieling,
Frigidaire ,
"Frito-Lay, Inc.",
FrontLineFlags,
Frozen,
Frye,
FSK,
Fubu,
FuelBelt,
Fujikura Composites,
Funko,
Furby Connect,
Furhaven Pet Products,
Furinno,
Furminator,
Furreal Friends,
Future Play,
G & F Products,
G Hughes,
"G. Loomis, Inc.",
Gabor Fitness,
"Gaiam, Inc.",
Gala,
Game,
Gamebot by Laltitude LLC,
Garden Joy,
GARDENITE,
Gardens,
Gardus,
Garmin,
Garnier,
Garry Winogrand Photography,
Garza Food Ventures,
Gaylord Entertainment Company,
GE,
Gear Ultimate,
Gecko Grip Gloves,
Gecko Grip Gloves/Verde River Products,
GEERTOP,
GEFU Spirelli Spiral Slicer,
Gemmy,
General Motors,
General Tools,
Genie Bra,
Genie Cami Shaper,
Genie Custom Fit Bra,
Genie Hour Glass,
Genie Milana Bra,
Genie Slim & Tone Leggings,
Genie Slim Jeggings,
Genie Slim Panties,
Genie Zip Bra,
Genuine Kids,
George,
Georgia Pacific Corp.,
Georgie Girl Australia,
Georgio Armani,
Gerber,
Getty,
Getty / Karibu,
Ghirardelli,
Gianna Rose Atelelier,
Giantex,
GiaRussa,
"Gibson Brands, Inc.",
Gibson Performance Exhaust,
Gillette,
Ginna Rose Atelelier,
Glad,IP Complaint
Glitzhome,
"Global Prepare, LLC dba Mother Earth Products",
Glowbowl,
GMV Productions,
"GN Netcom, dba Jabra",
Go Nutrients,
Go Plus,
Goal Zero,
Godefroy Eyebrow Tint,
Godinger,Amazon Trademark Complaint
GoFit,
GOGO,
Gold Coast,
Gold's Gym,
Golden Bell,
Goldfaden MD,Counterfeit
Goo Gone,
Goodyear,
Google,
Goplus,
Gorilla Carts,
Gorilla Supply,
Gottlieb Development LLC,
Goujxcy,
Gourmia,
GQ Electronics,
Graco,
"Grand Chapter of Phi Sigma Kappa, Inc.",
Grand Lodge Fraternal Order of Police,
GrandeLashMD,
Grandma Moses Properties Company,
Graphics Technology HK Limited,
Graydog Woodenware,
Great Arrivals,
Great Value,
Green Gobbler,
Green Mountain Coffee,IP Violation
Greenco ,
Greendale Home Fashions,
Greenworks,
Gretsch Company,
Griffen,
Grill Daddy,
Grill Kings,
GrillHogs,
GrimmSpeed,
Grip Tex,
Gronomics,
Groshce,
Grow Green,
GrowGreen,
GrowlerWerks,
GSK,
Gucci,
GUESS and MARCIANO Brands,
Guide Gear,
Gummygoods,
Gund,
"GUNNAR Optiks, LLC",
Guthy-Renker Corporation,
Guy Fieri Brands,
H2o Mop X5,
Haier,
Haines,
Hallmark,
Hamilton Beach,
Hamilton Tables,policy warning for counterfeit for this asin: B07ZCS9CMQ
Hammer + Axe,
Hammermill,
HangZ,
Harbinger,Intellectual Property Violations.
Harley-Davidson,
"Hartley Loudspeakers,Inc.",
Harvil,
HASAKA,
Hasbro,
Hashtag Collectibles,
HASMX ,
Hatchimals,
Hathaway,
Hauspanther,
Havit,brand compliance letter
Hawthorne ,
Hayward,
HBO,
"HDMI Licensing, LLC",
Healthforce Superfoods,
Heart to Heart,
Heinz,
Heirs and Estate of Peter William Ham,
HemingWeigh,
Hemp Seed,
Hempz,
Herbivore,
Hermell,
Hertzko,
Hewlett-Packard Company (HP Ink & Toner),
HiGear Design,
Hillstock Collection,
Himalayan Glow,
HKS Europe Ltd,
Hoberman Designs,
Holy Stone,
Homall,
Homasy,
Home Accents,
Home Basics,
Home Discount,received a verification request emai
Home Dynamix,
"Home Power, Inc.",
Homedics,
Homelabs,
HOMESAFE,
homestyles,
Homewell,
Homfa,
HOMZ,
Honda,
Honest Baby,
Honey-Can-Do,
Hoover,
"Horizon Hobby, Inc.",
Hormel,
Hot Wheels,
HotBuckles,
Hotelspa/Hotel Spa,
Household Essentials,
Hovac,
Hoverboards,
Howard Elliot,
Howard Leight,
HP,
HQ Issue,
HQAPR,
HUE,
Huggalugs North America,Infringement type: Trademark 
Hughes,
Hugs Not Drugs,
Huigou,
"Human Touch, LLC",
Hunter and Casablanca Fan,
Hunter Fan,
Hunter Fan and Casablanca Fan,
Hurom,
Hurricane,
Hy Cite Corporation,
HY-C LLC,
"Hybrid Systems Ltd., Inc. (HSL)",
Hydro Flask,
Hydroluxe,
HydroPeptide,
Hyzrz,
Iberia,
Icebreaker,
ICETrekkers,
ICOLOR,
iCooker,
iCorer,
IDAODAN,
Ideal Pet Products,
Ideaworks ,
Idylc Homes Kona,
Igloo,owner and exclusive licensor of its trademarks and products.
iHome,
iJDMTOY,
Ikee Designs,IP Complaint
iKitchenPlus,
illy,
Image,
iMeshbean,
Impact Canopy,
Implus,
"Incipio Technologies, Inc.",
Infamil,
Infantino,
Infinity Sun,
ingersol-rand,
Ingersoll Rand,
Inlifine,
Innovative Textiles Inc.,
Insect Lore,
Insect Lore,
Insert Knowledge Here,
Insten,
InStyler,
Inteletool,
Intenze,
InterDesign,
Interlink Products,
International Giftware Corporation IGX,
International Playthings,
Intex,
Intrinsics ,
"Intuit, Inc.",
IP Complaint,
iPower,
IQ Builder,
IQ Implant Devices,
IQAir,
iRobot,
iSpring,unauthorized 
It Works,
It’s a 10,
iTouchless,
J.A. Henckels,
J.M Smucker company,
J.S. Hanger,
JA Henckels,
Jabra,
Jack Black,
Jack LaLanne Fusion Juicer,
Jacket4Bikes,
Jaclin Dunne,
JAM Paper and Envelope,
Jane Iredale,
Japonesque,
Jarrow Formulas,Property Infringements
Jasco,
Jashen,
Jergens,
"Jet Performance Products, Inc",
Jezebel and Paramour,
JHS,
Jif,
Jim Pace Magic,
JL Childress,
JMDL Toys,
JML Weighted Blanket,
Jo Condrill,
Jo Jo Designs,
Jo Malone,
Jobri,
Jockey,
John Deere,
John Frieda,
JoJo,
Jojospring,
Joon,
JOOVY,
Jordan,
Jordan Design Studio,
Jordan's,
Joseph Joseph,
Joseph Rorie,
Jostar,
Jouer,
"Joy Kroeger Beckner, Classical Realism, from Hounds to Humans",
JRM Licensing,
JS&M Sales & Marketing Inc.,Trademark Infringement
Judee's Gluten Free,Trademark Infringement
Juice Beauty,
Juicy Couture,
Julep,
Just One You,
Just rite ,Trademark Infringement
Justrite ,
Juvale,
"K.W. Muth Company, Inc.",
K’nex,
Kakash,
Kalencom,
Kanto,
Karcher (U.K.),
Karibu,
Kason Industries,
Kate Spade,
KC Cubs,
KEEN,
KEEP ME CLEAN,Copyright Complaint
Kegco,
Keku,
Kellogg's,
Kelly Kettle,
Kendal,
Kendama USA,
Kenmore,
Kenneth Cole,
Kenroy Home,
Kensington Hill,
Kenu,
"Kenu, Inc.",
Kera Therapy,
KeraFiber Europe Limited,
Kes,
Keshili,
Keter,
Kettle Foods Ltd,
Keurig,
Kev & Cooper,
Keyhole Garden Beds,
Kichler,
Kicko,
kiddoLab,
Kiddopotamus,
KidKraft,
Kids 'N' Pets ,
Kiehl’s,
Kikkerland,
Kilner,
Kind Bars,
King Baby Studio,
"King Technology, Inc.",
Kingston,
KiniArt Studios,
KitchCo,
Kitchen Supreme,
KitchenAid,
KitchenPlus,
KLEEGER,
Klein Tools,
Kleinn Automotive Accessories,suspected counterfeit claim
Klipsch,
KLYMIT,
"Knowledge In Motion, Inc.",
Knox,
Koala ,
Kobalt,
Kohler,Trademark Infringement
Kohzie,
Kolcraft,
KONA,
Korres,
Kovalenthor ,
Kovot,
Kovot Kitchen,
Kronemann Design Studio Pty. Ltd. - House of Kronemann USA,
KSNY All in Good Taste,
Ktaxon,
Kurgo,
Kuteck,
Kuyal,
Kyser,
L'Equipe,
L'Oreal,
L’Occitane,
La Bella Donna,
La Boutique de Bacchus,
La Chemise Lacoste SA,
La Crosse Technology,
Lacosta,
Lamaze,
Lamzac,
Lancome,
Landtom®,
"Langley Productions, Inc.",
Lansinoh Laboratories,
"Larry Hartsell Seminars, Inc.",
"Laser Design Int'l, LLC",
Laser Pegs,
Lasko,
Latisse,
Laura Ashley,
Laurel Whole Plant,
Lazer Bond,
Lazy Larry Brownies or Lazy Cakes,
Le Creuset,
Leapfrog,
Leatherman,
Lebogner,IP Complaint
LectroFan,
LectroSound,
LED Lenser,
Legendary-Yes,
Lego,
Leisure Seasons ,
LeisureMod,
LEKEYE,
Lekue,
LEM products,
"Lenny and Eva, Inc.",
Lenox,
LetterRip Decals,
"Leupold & Stevens, Inc.",
Levana,
Levi’s,
Levoit,
LG,
Lia Sophia Jewelery,
Libbey,
Lidias,
Lifeproof,
Lifestyle Dynamics,
Lifetime,
Lifetrons Switzerland GmbH,
LIFT,
Lifted Research Group Inc. (L-R-G),
Light & Dark Productions,
Light Society,
LightBiz ,trademark complaint
Lightspeed Outdoors,
Lil Woodzeez,
Lil' Luxuries,
lillebaby,
Lily's,
Linda McSweeney,
LinenSpa,
LinkedIn Corporation,
Linksys,
Lionel,
Lip Ink® International,
Lipper International,
Lipton,
Lite Source,
Litter Genie,
Little Debbie,
Little Hotties,
LITTLE LOOSTER,
Little Tikes,
Lodge,
Log Barn,
Logitech,
Lokai,Counterfeit
LOL Surprise,
Loop Loc,
LOOSTER BOOSTER,
Lorac,
Lordear ,
Lorell,
Louis Vuitton,
Lucid,
Luigi Bormioli,
Lullaby,
LuminoLite,
Lush,
LuuNguyen,
"Luxe Jewels, LLC dba Stella & Dot",
Luxe Purses,
Luxottica Retail,
LVX,
Lynk, Intellectual Property Complaints
Lynksys,
MAASDAM,
MAC,
MAC cosmetics, Copyright Infringement
"Mad Dogg Athletics, Inc.",
made in nature,
Madison Park,
Magformers,
Magic Bullet,
Magic Path,
Magic Vida,
Magnetic Poetry,
Magnolia Home,
Magnolia Rubberstamps,
Majestic,
MALACASA,
Mamiya America Corporation,
Manchester United,
Mannatech Incorporated,
Marantz,
Marbles,
Marc Anthony,
Marc by Marc Jacobs,
Marc Jacobs,
MARCIANO,
Mariani,
"Marianne's Sol Mate Socks, Inc.",
MARIELL (even from the manufacturer),
Mario Badescu,Infringement type: Counterfeit
Mario cosmetics,
Marrakesh,
"Mars, Inc.",
MarsHydro,
Martex ,
Martrix Biolage,
Marubhumi,
Marula,Trademark Infringement
Marvel,
Marvis,
Mary Capan,
Mary Kay,
Mary's Gone Crackers,
Master Appliance,
Master of Illusions Entertainment,
Masterlock,
MasterVision,
MatchaDNA,
Matrix Biolage, Cease and Desist letter
Matt Groening,
Mattel,
Mattress Helper Home and Garden,
MaxiClimber,
Maximum Fitness Gear ,
MaxxDry,
MaxyLife,
Maybelline,
Mayka,
Maytronics Dolphin,
McCain Photography,
MDSolarSciences,
Meal Prep Haven,
Meaningful Beauty,
MECO,
"Medcosouth Healthcare, LLC",
Medela,
Mederma,
Medieval Moccasins,
Medline,
MEE TONG SHOP,
Megagrass,
Melissa & Doug,
"Melissa & DougKenu, Inc.",
Mellanni,
Mellotron Archives,
Menaji Cosmetics,
Mendini by Cecilio,
Merax,
Mercers Furniture (UK),
"Merle Norman Cosmetics, Inc.",
Merrell,
Merz,
Metal Ware,
Metropolitan Kitchen,
MFSTUDIO,
MiaBella,
Michael Kors,
Michael Todd,
Michele,
Michelle Phan,
Mickey Mouse,
Microdry,
Microplane,
Microsoft,
Midland ,
Midtown Concept ,
Midwest Appliance Parts,
Miele,
Mighty,
Mighty Blaster,
Mighty Jr.,
Mikasa,
Mikimoto America,
Milescraft ,
Milk-bone,
Milliard,
Milo & Misty,
Milwaukee,
Mind Reader,
Minecraft,
Minelab Electronics,copyright complaint
MineTan,
Minetom,
Mini Dash,
Miracle Blanket,
miracle-gro,
Miraflex S.A.,
Mirity,
Mitchell Repair Information Company,
Mixologist World,
Mixologist World™,
Mixpresso,
Miyabi,
Mizuno,
MLB (Major League Baseball),
Moby Baby,
Moby Wrap,
Moddan,email complaint from OFD Foods
Modern Littles,
Modern Warrior,
Modernhome,
Moderntherapy,
Mohawk Industries,
Molton Brown,
MOMMIES MELODIES,
Moni Originals,
Monster,
Monster headphones,
Moon Boots,
Mooncheese,
"Mooneyes USA, Inc.",
Moontree,
Moose Country Gear,
Mophie,
Morning Pep,
Morphing Mugs,
Mossy Oak,
Mother Earth Products ,
Mother's Touch,
Motion Picture Association of America (MPAA),
Motorola,Amazon infringment complaint / IP complaint
Mount-It,
Mountain Buggy,
Mountain Dew,
Mountain House,
Mounting Dream,
Moviecraft Inc.,
Mr. Beams,
Mr. Coffee Kitchen,
Mr. Stacky,
Mrs. Anderson’s,
MSI,
Mud Puppy Mold Company,
Munchkin,
Mustela,
My Brest Friend ,
My Infinite Agenda,
My Pageant Kid,
My Poupette Enterprises Inc.,
My Size,
MyGift Enterprise LLC,
MyStudyGroup101,
Mywalit,
"N.V.E., Inc.",
Ña Pancha,
Nandita Arts,
Nanobebe,
Nanoleaf,
Nars,
Nathan James,
National Academy of Television Arts & Sciences,
National Board of Medical Examiners - NBME®,
National Football League,
National Historic Mining Initiative LC3,
National Shooting Sports Foundation,
National Tree Company Home and Garden,
Native Deodorant,
Native Union,
Nature Home Decor,
Nature Made,
Nature Valley,
Nature's Hangout,
Nature's Recipe,
Nature's Way,
Nature’s Earthly Choice,
Nature’s Sunshine,
Natures Bakery FB,
Natures Nates,
NaturesPlus,
Naturopathica,
Natursutten,
Neater Feeder Home and Gardon (including Pet Supplies),
Neato,
Neewer,
Nekteck,
Nerf,
Nesco,
Nestle Coffee-mate,
Netgear,IP violation
"NetPicks, LLC",
Neuragen PN,
Neutrogena,
New Balance,
New Era Cap Company,
New Metro Design,IP violation
New Shining Image,
Newell Brands,
Newman’s Own,
NFL,
Nia 24,
Nichols Photography,
"Nickolas Muray Photo Archives, LLC",
Nielsen Massey,
Nifty Nabber,
NIGHTY NIGHT NURSING LIGHT,
Nike,
Nikki's Baby Blossom's or Gift Baskets (Nikki's Baby) (Nikki's baskets),Trademark Infringement
Nikon,
Ninja,
Ninja Bullet,
Nintendo,
Nisim,
Noco,
NoCry,
Nordic Ware,
"Nordstrom, Inc.",
Norelco,
NorPro,Trademark Infringement
North American Herb & Spice,
North Face,
North Sates,
Nostalgia,
Not Your Mother's,
Notrax,
Novica,
Novolink,
Now Foods,
NOW Foods,
"NSK Americas, Inc.",
NuBrilliance Skin Care & Skin Care Systems,
Nuby,
NuFace,
Nuliah,
Nuna,
Nutramax,
Nutrex Hawaii,
Nutri Ninja,
NutriBullet,
NutriBullet Lean,
NutriBullet Max,
NutriBullet Pro,
NutriBullet Rx,
NutriBullet Superfoods,
Nutrits,
Nuxe,
Nyx,
O-Cedar ,
"Oakley, Inc.",
OASIS MARINE,
Obagi,
Obsession,
Oceanstar,
OdoBan,
OFM Essentials Collection,
Ohuhu,
Oki Data Corporation,
Oklife,
Okslo,
Olay,
Old & Urban,
Old Dutch,Trademark infringement
Old Wisconsin,
Olivia's Little World,suspected counterfeit claim
Ollieroo ,
Olympus,
Omega Juicers,IP Counterfeit Complaint
Omega Trading Group,
OMG,
Omron,
OnlineFabricStore,
Ontel,
Oogiebear,
Opack ,
"OPI Products, Inc",
Optimum Nutrition,
OPUX Premium Lunch Box,
Oral-B,
Orange USA,
OrangeA,
Orbit Baby,
Oreck,
Organo Gold,
Oribe,
"Origami Owl, LLC",
Original Gourmet,
Orlane,
Orthotebb Health Shoes LLC,
Osaki,
Oscar Blandi,
Osem,
OshKosh B'gosh,
Osmocote,
Osmosis Skincare,
Osnat,
Oster,
Otter Box,
Otterbox,
Ottomanson,
Ouddy,
OutbackTUFF,
OuterEQ,
Outsunny,
Ovente,
Overboard,
Overstock.com Inc.,
Oxgord,
Oxo,
Oxyled,
P & G,
"P Rogers, Inc.",
P90-X,
Pacidose Brand,
"Pacific Market International, LLC",
Pacific Play Tents,
Packard Club,
"Pagedown Technology, LLC",
Paksh Novelty,
Palais Glassware,
Pamp SA,
"Pampered Chef, The",
Panama (UK),
Panasonic,
Pandora,
Paper Mate,
Paradise Film Institute/Big Pictures,
Paradise Galleries,
Paraso,
PARENTS TRUST,
Parker,
Patch Me Thru,
Patchology,
Patio Sense,
Patmont Motor Werks/Go-Ped®,
Patriot Home,
Paula Deen,
Paw Patrol,
PawsIQ™,
Pawsitively Perfect Bows,
PBfit ,
PeachpopsClipArtTM,
Peaktop,
Ped Egg,
PEDIGREE,
PEEK,
Peet’s Coffee,
pelican water,
Pen Press Publishing,
Penguin,
PENN-PLAX,
Peppa Pig,
Pepperidge Farm,
Perfect  ,
Perfect Fitness,
Perfect Pod,
Perfect Smile Veneers,
Perfecter,
Perfume Samples,
Perfume Testers,
Peri K Designs,
Perlli,
Perricone,
Perricone MD,
Perry Mackin,
Petcube Play Interactive WiFi Pet Camera,
Peter Thomas Roth,
PeterIvan,
Petmate,
PetPost,
Petsafe,
Pevonia International LLC,
Pfaltzgraff,
Pferd,
Phil & Teds,
Philips,
Philips Norelco,
"Philosophy, Inc.",
Photomedex,
Physionics,
Phyto,
Picasso Tiles,
PicassoTiles,
Picnic at Ascot,
PiddlePad,
Pillsbury,
Pioneer,
"PiperWai, LLC",
PJ MASKS,
PJMASKS,
Planetary Design,
Planters Nuts,
"Platypus Wear, Inc. dba Bad Boy Brands",
Play Day,
Play Doh,
Playtex,
Ploom - Pax Labs,
Plow & Hearth,
"Plumeria Bay, Inc.",
PMD,
POCO DIVO,
Pokemon,
Polar Aurora,
Polar Pooch,
Polk Audio,
Polo Ralph Lauren,
Poly and Bark,
Poly+Bark,
"Polymorphe, Inc",
Pool Cover Corp. dba Loop Loc,
Pool patch,
Pop 'n Jump,
Pop 'n Play,
Pop 'N Sit,
POP!,
POP! portable on the go products,
Poppin File Cabinet,
Poppy & Fritz,
Poppy Company,
Porthos Home,
Positec,
Power Air Fryer,
Power Air Fryer XL,
Power Art Design Airbrushs Pty Ltd,IP Complaint
Power Pressure Cooker XL,
Power Straight,
powernet,
Practically Darling Designs,
Pratico Goods LLC,
Precious Firsts,
Precision Kitchenware,IP infringement complaint
Premier Protein Grocery & Gourmet Foods,
Premium V Slicer,
PremiumFishing Auctions,
Presto ,
Pretty Star Store,
Price First,
Price Pfister,
PRIME PELLET GRILLS,
Primetime Petz,
Prince Lionheart,
Prismacolor,IP infringement complaint
Pro Chef Kitchen Tools,
Proactive,
Proctor & Gamble,
Proctor Silex,
Prodigy,
Product Stop,
Product Stop Rotating Cake Stand,
ProfessorProfits.com,
ProPlugger ,
PROTO,
ProTrack,
"Provo Craft & Novelty, Inc.",
PSDWETS,
Puma,
PUR,
Pura,
Pura Kiki,
Pure Brands Mattress Topper,
Pure Inventions,
Purina One,
Purity Home,
Puzzled,
Pyrex,
Qaba,
Qardio,
Qooltek,copyright Infringement
Quaker,
quest,
Quest Bars,
Quest Nutrition,
QUICKCABLE,
QuickChange,
"Quiksilver, Inc",
Quirky,
Rachael Ray,
Rachel Caine,
Rachio,
"Radiancy, Inc.",
Radio Flyer,
Rain-X,
Ralph Lauren Perfume,
Randomwalk LLC,
Ranger Doug's Enterprises,
Rare Sportsfilms Inc.,
Raw Biology,
RayBan,
Rayshade,
Rayware,
Razor,
Razormaid! Productions,
RCA,
RCA (only ones that are not Manu),
"RE/MAX International, Inc.",
Real Flame,
Red Bull GmbH,
Red Copper,
Red Digital Cinema Camera Company,
"Red Hat Society, Inc",
Red Hound Auto,
"Red Monkey Designs, Inc.",
Red Panda Bamboo,
Red Steagall's Cowboy Corner,
Red Vanilla,
Redkin,
Reebok,cease and desist 
Refinery and Co,
Regal Flame,
Relaxazen,
Reliable C,
Relic,
"Relix International, Inc.",
Relleciga Official,
REM-FIT,
Rembrandt Charms,
Remedy Home,
RemFresh,
ReminderBand Inc.,
Remington,
Remove Pillow Pets,
Renew Life,
Renfox,
Resort Sleep,
REST ASSURED,
Reuzel,
Revelation Records,
Revlon,
Rheem,
Rhode Island Novelty,
Rhodes International,
Richard Avedon Foundation,
Richards Homewares,
Rideworx Pty Ltd.,
Ridgerock Tools,
Ridgid,
Right Height,
Ringside,
Ripple Junction,
Ritz Crackers,
River of Goods,
Rivington Designs Ltd,
RN Study Spot,
RO6G,
Roadmaster,
Rock Solid Wholesale,
"Rocket Science Institute, Inc.",
RockTape,
Rockwell,
Rodan + Fields,
RODE,
Rodial,
Rohde Fine Art,
Rollibot,
Rookie Humans,
Roommates,
Roommates (made by the company roomates),
Rosenice,
Rosetta Stone,
ROTERDON,
Roth Company,
Rothco,
Rothstein Guitars,
rotring,
Rowena Cherry,
Royal,
Royal Gourmet,
RRO Entertainment,
RSG,
Rtic,
Rubbermaid,
Rubie’s,
Rude Awakening Coffee House,
Ruffoni,
Rukket Sports,
Ryobi,
S’ip by Swell,
Sachajuan,
Sado Nation,
Sadowsky Guitars Ltd.,
Safavieh,
SafeBaby & Child,
SafePlus (Amazon),Infringement type: Trademark 
Safety 1st,
Safety First,
Safstar,
Saleen,
Sall,
Salon Sundry,
"Salt Life Holdings, LLC",
Salton,
Samsali Inspirations,
Samsonite,
Samsung,
San Jamar,
Sandusky ,
Santas Christmas Town,
"Sanyo Electric Co., Ltd.",
SAP,
Sara Happ,
Sara Moon,
Satechi,
Savanna Group LTD - Savanna Samson,
Savvy Egg USA,
Scandinavian Child product (Beaba) (lillebaby) (Svan),
Schlage,
Schlyer Designs,
Schweppes,
Scosche ,
Scotch,
Scott,
Scottcrew Enterprises,
Scrolling License Plate Patent Infringement,
Scruples,
Sealskin,
Sealy,
Searching for Louis Media,
Secret life of pets,
Secret-of-Art,
Secure Sight,
Secure Surround,
Seeing with Sound - The vOICe,
SEI (Southern Enterprises),
Seiko,
Semoo,
Sensa,
Sensation Press,
Sensual Candle,policy warning (TrademarkProductPackaging).
Sephora,
Sequoia Brands,
Serena d'italia,
Serenelife,
SET,
Setton Farms,
Seville Classics,
SEVYLOR,
Sew Terific Designs,
Sewing Bee Crinoline Ladies Embroidery Patterns,
Shabby Chic,
Shark,
Sharp,F
Sharper Image ,
Sharpie,
Sheer Strength Labs,
Sheetz,
"Shimano, Inc",
Shine Company,
Shiseido Company Limited,
Shopkins,
Showermade,
Showtime,
Shun Sora,
Side Sleeper Pro,
Siesco International Limited,
Sigma Beauty,
Sigmacumlaude.com,
Silly Squeakers,
Siltra,
Silver Stone,
Silver Stone (only ones that are not a Manu) (might need to search) SilverStone),
SILVERgrade,
Silverstone Tek (Not silverstone pans),
Simba,
Similac,
SimPlay3,
Simple Green,
Simple Mills,
simplehuman,
Sinopec,
Sipik,
Sistema ,
Sivan,
SK II,
Skagen,
Skechers,
"Skiboards Superstore, Inc.",
SKIL,
SKILSAW,
SKINACT,
Skinceuticals,
Skip Hop,
Skip Hop Zoo,
Skiphop,
Skippy,
SKLZ,
Skullcandy,
Skyline,
Skyn Iceland,
Skyroof,
Skywalker,
sleeping partners,
SlimFast,
Sloan,
Slumber Buddies,
Smart Mass,
Smart Sips,
Smart Swab,
Smart Weigh,
SmarterFresh LLC,
"SmartSound Software, Inc.",
Smead,
Smoke Hollow,
"SMS Audio, LLC",
Smucker's,
Smuckers,
SnakeEmporium.com,
Snap-on Incorporated,
SNB-REACT Netherlands,
Sneaker Balls,
Snoopy Sno-Cone Machine,
Snow Joe,
SnugglyCat Inc - The Ripple Rug,
Snuzzler,
Snyder’s,
Society for Human Resource Management,
Sof Comfort,
Sof Sole,
Softspun,
Software & Information Industry Association (SIIA),
Sogonomics,
SOL Republic,
Solano,
Solar Eclipz,
"Sole Technology, Inc.",
Solid Copper Mugs,
Solio, Trademark Infringement
Solo Stove,
SoloWork Studio,
Solvit,
Somme Institute,
Songmics,
Sony,
Sorbus ,
Sound Oasis,
South Mission,
South Shore Furniture,
Southwest Boulder & Stone Store,
"Southwest Pictures / Southwest Entertainment Group, LLC",
Space Scooter,
Spalding,
Spark Cafe,
Sparkle,
Spaulding,
Speck,
Spectrum,
Speed Stacks Stack Pack,
Speedo,
Spenco,
Sperry,
SpiceCrafts,
"Spicer Pro, LLC",
Spicy Shelf,
Spigen,
Spin Master,
Split Ender Pro,
Spohn Global Enterprises,IP Violations
Sports God,
Spring Assist,
Sprint Corporation,
SpryNova,
"Spyder Active Sports, Inc.",
Square Deal Recordings & Supplies,
Squeaky Clean,
Squirrel Products,
SSLine,
St. Tropez,
STABIL,
Stamina,
Stanley,
Stansport,
Star Gear,
Star Series Electric Guitar,
Star Shower,
Star Wars,
Starbucks,
Starnight Laser,
Startech,
Staub,
Stearns,
Steel Glo,
Stella & Dot,
STEP-BY-STEP,
Step2,
Stephen Shore,
Sterilite ,
Sterling Shelf Liners,
SterlingTEK,
Sticky Holsters,
Stila,
STK and SterlingTEK,
Stock your home,
Stone Cottage,
Stone Lain ,
StoreSMART,
StringKing,IP infringement
StriVectin,
Stromberg Carburetor Ltd.,
Stupell Home Décor,
Stussy Inc.,
Suaoki,
Suavitel,
Subway,
Sue Coffee,
SULTRA,
Sumind,
SUMMER CIRCLE,
Summer Infant,
SummitFashions,
Sun Joe,
Sun2Solar,
Suncrown Inc ,
Sunny Health & Fitness,
Sunnydaze Décor,
Sunrider International,
SUPER SEAT,
Supergoop,
Superior,
Supreme Saver,
SURE AND SECURE,
Sustainable Simplicity,
Svan,
Swaddle Me,
SwaddlePod,
Swarovski North America Limited,
Sweet Home Stores,
Sweet JoJo,
Swimline,
Swing Set Stuff Inc,
"Swiss Army Brands, Inc.",
Sylver Designs,
Syma,
SyMax,
Synergetics,
T-Mobile Prepaid Phones,
T3,
T7 Tea,
Tabakh,
Table Top King,
Tad-Bits Baby Items and More LLC,
tadpoles,
Tail Gates,
Takata Corporation,
Talavera ,
"Tamiya America, Inc.",
Tangkula,
Tania R. Chase,
TaoTronics,
Tapirus Utensils,
"Target ""Up & Up"" Vitamins",
TASER International Inc,
TBBSC,
TCP,IP counterfeit complaints
"Team Mysterio, Inc.",
Teamson,
Techflex ,
Technica USA (Moon Boot),
Technical Video LLC,
TechSmith Corporation,
TeekLand,
Teeter,
Tegu,
Tekay Designs Inc.,
tekbotic,
Tekton,
Telebrands,
Telesteps,
TEMI,
Temptations,
Tenive,
Terrasil,
Tervis,
Texas Recreation,
Tgin,
The Art of Shaving,
THE BABY SLEEP EXPERTS,
THE BEST TIME OF YOUR LIFE,
The Black Series,
The Body Shop,
THE DOCTOR IS IN,
The First Years,IP violation
The Green Pet Shop,
The Learning Journey,
The Pressure Positive,
Thera Health Brands,
TheraBreath,
Theraflu,
Therapedic,
Thermos,
Thinkfun,
Third Man Records,
Thomas Losh,
Thorne,
Thread-A-Bead,
Three Dogs and a Cat Inc.,IP Claim
Three Hands,
Tic Tacs,
Tiesta Tea,
Tiffany & Company,
Tiger Tom Pistone Race Cars & Parts,
TigerDirect,
Timberland,
Time Tracker Technology,
TIME-TO-GO,
Timex,
Tinosorb,
TinyDiner,
Titebond,
"TMH Technology Co., Ltd.",
TMobile,
TMS,
TOBBI,
Toddy,
TokyoFlash Japan,
"Tom Kelley Studios, Inc.",
Tom's,
Tomei Powered USA Inc.,
Tommy Hilfiger,
Toms Shoes,
TOMY,
Top Secret Recipes,
Topeakmart,
Topper,
TopYart,
"Tori Richard, Ltd.",
Torque King,
Tory Burch,
Total Family Ministries,
Total Gym,
TotLogic,
Toucan,
Toughbuilt,
Toughbuilt ,
Tow Ready,
Trademark Innovations,
TrailerSauce,
Training Mask,
Transformers,
Travelrest Pillow,
Travelwey,
Treasure2,
Treasured Hungarian Family RecipesTM,
Tree Dazzler,
Tree gator,
Trend Lab,
Tribesigns,
TriggerPoint,
Trinity,
Trinity Cooler,
Tritton,
True Induction,
True Religion Brand Jeans,
Truss,
Tshirt Bordello,
Tsum Tsum,
Tuffy,
Turbosmart,
Turcom,
tuthill,
TÜV Markenverbund e.V,
TV Freeway,
Twisty Petz,
Twitching Lure,
Two Volcanoes,
TYG Store,
Typhoon,
U.S. Chemical,
Ubiquiti Network,
Uggs,
Uloveido,
"Ultimate Creations, Inc./ Ultimate Warrior/Warrior",
Ultimate Sports Franchise Agents,
Ultra Sunsation,
Ultramax Products Limited,
Umbra,
Unbuckleme,
Under Armour,
Uni-ball,Trademark Infringement
Unique Baby Products,
Unique Industries,
Unitary Industrial,
United States Forest Service - USDA,
University of Iowa,
UPHA,
Upper Bounce,
UpStart Brands,Infringement type: Trademark 
Urban Decay,
Urban Designs,
URBANE,
Ursula Hock-Henschke,
US Acrylic,
Utopia Kitchen,
Utz,
uVernal,
V-Tech,
Vacheron Constantin,
Vacmaster,
"Vanguard Industries, Inc.",
Vanity Planet - trademark,
Vanra,
VantageBP,
VARO,
VASAGLE,
VASSOUL,
Vaunn Medical equipment,
VDOMUS,
Veggie Bullet,
Velcro Companies,
VEMOTIX,
VEMOTIX or Vemotix™,
Vera Bradley,
Versacart,
Versanora,
Versonora,
VetriScience,
Viagrow,
Vickerman,
Vickie Milazzo Institute,
Victoria Secret,
Victoria’s Secret,
Victory Seed Co.,copyright claim
VicTsing,
Vietnam International Video,
VIGO,
Vimerson Health,
Vincent Longo,
VinLuxe Wine Aerator,
Vintage Cigarette Lighters,
"Vintage Fans, L.L.C.",
Vinvent Longo,
Viper Interactive,
Virgil C. Stephens,
Vitagardens,
Vive,
"Vivint, Inc.",
ViVo,
VMG Partners,
Volkswagen Corporation,
VonHaus,
VonShef,
Vortex Optics,
Voyager,
Vulcan,Amazon Policy Warning - Counterfeit Claim 
Vulli,
VXi,
Wacces,
Wacom,
Wahl,
Walgreens “Finest Nutrition”,
Walker Edison,
Walker Metalsmiths Celtic Jewelry,
Walkfit Platinum Orthotics,
Walmart “Spring Valley”,
Ware Family Genealogy,
Warner Brothers,
Warner Music Group,IP Complaint
Warner's Blue Ribbon Books on Swarovski,
Water Creation,
"Water Pik, Inc",
Waterfall Filter,
Waterman,
Watersnake,
"WD Music Products, Inc.",
We Got Nuts ,
WeatherTech,
Web Linens,
Weber,
Wedderspoon,
Wedgwood,
Weems & Plath / Conant,
"Weinstein Company, The",
Weleda,
WELL TRAVELED LIVING,
WEN,
Weston,
West Ridge Outdoors,
Western Digital,
WH Software Limited,
"Whelen Engineering Company, Inc.",
Whet Stone Cutlery,
Whitmor,
"Whizardries, Inc.",
"Wiggles Touring Pty Limited, The",
Wii,
Wildkin,
Williams-Sonoma,
Willow & Everett,
Wilson,
Wilson Sporting Goods,
Wilton,
Wilton Armetale,
Wind & Weather ,
Windex,
Windmill-Parts.com,
Wine Enthusiast,
Winsome,
WIREHARD,
Wolf,
Wolf Mattress,
Wonder Buggy,
Wonder Core,
Wonder Wizards,
wonder workshop,
WONDERVEG,
Woodward,
WORKPRO,
"World Hockey Association, LLC",
"World Wrestling Entertainment, Inc. (WWE)",
Worlde Panda,
Worx,
WubbaNub,
Wuppessen,
Wusthoff,
Wyndham Collection,
X Bats,
X-ACTO,
X-Chef,Counterfeit infringement
X-mini Capsule Speakers,
Xiangzhiheng Electronics Inc.,
Xpace,
Xpose Safety,
XPressMart.com,
Xspec,
Yaheetech/Core/yahoo,
Yaktrax,
Yankee Candle,
YBM,
Yes4All Sports (excluding Sports Collectibles),
Yesker,
Yeti,
YMCtoys,
Yodel,
Yoga Accessories,
Yogi Tea,
York wallcoverings,
York5500,
York5500,
Yosoo,
YouCopia’s,
Younique,
Yukiss,
Yumco,
YumYum Utensils,
Yvolution,
Zadro Inc.,
Zadro Products Inc.,
Zapler Games,
Zazzol,
ZEEFO,
Zeiss,
Zen,
Zeny,
Zep,
Zepp,
ZICOME,
Zing Anything,
ZIP GRINDERS,
Zippy Paws,
Zippypaws,
Zirh,
ZJKC Product,
Zmodo,
Zober,
Zoku,
Zoomworks Stuffies,
Zurn,
Zuru,
Zuzu,
ZWILLING,
Procter & Gamble Brands,
Alexander McQueen,
Align,
Alldays,
Alo,
Always,
Always Alldays,
Always Envive,
Ambi Pur,
Ambi Pur/Febreze,
Ammens,
Anna Sui,
Antikal,
Ariel,
Astra,
Ausonia,
Aussie,
Ava,
Ayudín,
AZ,
Balance,
Baldessarini,
Bilobil,
Biomat,
Blend-a-Dent,
Blend-a-Med,
Blendax,
Bold,
Bonux,
Bounce,
Bounty,
Braun Oral-B,
Bruno Banani,
Cacit,
Calcium,
Camay,
Caricia,
Cascade,
Charmin,
Cheer,
Cheff,
Christina Aguilera,
Cierto,
Cindy Crawford,
Clairol,
Clairol Professional,
Comet,
Cover Girl,
Crest,
Dash/Daz,
Dawn,
Dax,
Discreet,
Dodot,
Dolce & Gabbana,
Downy,
Dreft,
Dryel,
Dunhill,
Duralon,
Dynamo,
Ellen Betrix,
Era,
Escada,
Escudo,
Essex,
Esvit C,
Eurovit,
Evax,
Evestrel,
Evitol,
Experience,
Fab,
Fairy,
Febreze,
Fixodent,
Flash,
Fluocaril,
Flying Eagle,
Frederic Fekkai,
Gabriela Sabatini,
Gain,
Gala,
Gama,
Gillette,
Glide,
Graham Webb,
Gucci,
Harmony Line,
Head & Shoulders,
Hi Wash,
Hugo Boss,
Hylak,
I Coloniali,
Illume,
Image,
Infasil,
Intervallo,
Ipana,
Ivory,
James Bond,
Jar,
Joy,
Kandoo,
Kukident,
Lacoste,
Lactiv,
Ladysan,
Laura Biagiotti,
Lavan San,
Lenor,
Lindor,
Lines,
Linidor,
Liolactil,
Londa Professional,
Lunch,
Luvs,
Magia Blanca,
Magistral,
Magnokal,
Max Factor,
Metamucil,
Mexx,
Mif,
Minora,
Moncler,
Mont Blanc,
Mr Clean/Mr Proper,
Mum,
Ña Pancha,
Naomi Campbell,
Natrel,
Naturella,
Neo blanc,
Neurorubine,
Nicky Clarke,
Olay,
Old Spice,
Ombra,
Only you,
Oral-B,
Orocal,
Pampers,
Pantene,
Parogencyl,
Pepto-Bismol,
Perma Sharp,
Permatik,
Planet,
Pregnavit,
Prilosec,
Priscilla Presley,
Pro Plus,
Probak II,
Puffs,
Puma,
Rejoice,
Rindex,
Rochas,
Safeguard,
Salvo,
Sarasa,
Scope,
Sebastian,
Secret,
Seiva de Alfazema,
Shamtu,
Silvikrin,
SK-II,
Supremo,
Swiffer,
Tampax,
Tess,
Tom Tailor,
Tide/Ariel,
Tix,
Trinity,
Trojan,
Valentino,
Viakal,
Vibovit Bobas,
Vibovit Junior,
Vicks,
Vidal Sassoon,
Vitamin C,
Vitamin E,
Vitaminum B Compositum,
Vitaminum B6,
Vizir,
Wash & Go,
Wella,
Wella Professional,
Whisper,
Witamina C Monovitan,
Yes,
Zest,
ZIRH,
Zooth,
ZzzQuil,
Wrigley Brands,
5 Gum,
Airwaves,
Altoids,
Big Boy,
Big G,
Big League Chew ,
Big Red ,
Boomer,
Bubble Tape,
Cool Air,
Creme Savers,
Doublemint,
Eclipse,
Excel,
Excel Mist,
Excel White,
Extra,
Extra Professional,
Extra Professional White,
Freedent ,
Gummi Savers,
Hubba Bubba,
Juicy Fruit,
Life Saver Fusions,
Life Saver Minis,
Life Savers,
Lockets,
Orbit White,
Orbit ,
P.K.,
PimPom,
Skittles,
Solano,
Spearmint ,
Starburst,
Sugus,
TaTa,
Tunes,
Winterfresh ,
Wrigley's Spearmint,
M&M/Mars Brands,
3 Musketeers,
Balisto,
Bounty,
Celebrations,
Dove,
Dove Bar,
Flyte,
Galaxy,
Galaxy Bubbles,
Galaxy Honeycomb Crisp,
Galaxy Minstrels,
Kudos,
M&M's,
Maltesers,
Mars,
Mars Muffin,
M-Azing,
Milky Way,
Munch,
Pacers,
PB Max,
Presidential M&M's,
Revels,
Skittles,
Snickers,
Spangles,
Starburst,
Summit Cookie Bars,
Topic,
Tracker,
Treets,
Tunes,
Twix,
Whirlpool Brands,
Acros,
Affresh,
Amana,
Bauknecht,
Brastemp,
Consul,
Diqua,
EveryDrop,
Gladiator,
Hotpoint,
Indesit,
Jennair,
KitchenAid,
Maytag,
Whirlpool  ,
Yummly,
